header,content,is_substantive,function,topic,source_jurisdiction_type,state,city,county,enforcement_discretion,opacity,paternalism,problem_salience
## § 10.14 DISTRICT BOUNDARY LINES.,"(A) Existing precincts, modified precincts, and/or boundary lines for Franklin County Commissioners Districts 1, 2, and 3, shall be and hereby are established as follows.

(1) Commissioner District #1:

    (a) Preston #1;

    (b) Preston #5;

    (c) Franklin #10;

    (d) Mapleton #11; and

    (e) Whitney #16.

(2) Commissioner District #2:

    (a) Banida/Winder #6 (transferred from former District #3);

    (b) Preston #3;

    (c) Preston #4;

    (d) Mink Creek #12;

    (e) Thatcher #13;

    (f) Treasureton/Riverdale #14; and

    (g) Worm Creek #17 (new precinct, split off from former District #4).

(3) Commissioner District #3:

    (a) Preston #2;

    (b) Clifton #7;

    (c) Dayton #8;

    (d) Fairview #9 (transferred from former District #1); and
(e) Weston #15.

(B) The new or revised precincts and their boundaries shall be and hereby are established as follows.

(1) Worm Creek Precinct #17. Worm Creek #17 precinct begins at the corner of State Street and Third North, there it turns east and runs along Third North to Second East, turns north and runs along Second East to Fourth North, turns east and runs east along Fourth North to the Worm Creek. It follows the Worm Creek, as it turns north and runs in a northeasterly direction along the Worm Creek to 2200 East. At 2200 East it turns north and runs north along 2200 East to Highway 34. It crosses Highway 34 and runs west along the river bluff to State Street. It then runs south on State Street to Third North to the point of beginning. All courses are along the middle of the described streets.

(2) Preston Precinct #4. Preston #4 precinct begins at the corner of State Street and Oneida Street, then it runs north on State Street to Third North. It then turns east and runs along Third North to Second East, turns north and runs along Second East to Fourth North, then turns east and runs east along Fourth North to the Worm Creek. At the Worm Creek, it turns south and runs south along the Worm Creek to Oneida Street. Then it turns east along Oneida Street to State Street to the point of beginning. All courses are along the middle of the described streets.

(3) Dayton Precinct #8 and Weston Precinct #15. The border between the Dayton and Weston precincts was changed. Beginning at the west county line and Highway 36, running southeast along the highway to the Caribou National Forest boundary line. It then turns north and follows the forest boundary one-half mile then turns east following the forest boundary almost one mile to 7200 West. Here the line turns south and follows 7200 West south to 1600 South. At 1600 South it turns east following 1600 South in a southeasterly direction to 2700 South and continuing east to Highway 36. Here it turns north and runs north along the highway to 1600 South, turning east again, running east for one mile and turning north at 4000 West. It runs north for one mile and turns east at 800 South and runs east for one mile, then turns south at 3200 West. It runs south along 3200 West for one mile and turns east again on 1600 South. It then runs east on 1600 South to the Bear River (about two miles). Everything north of the above-described boundary is in Dayton Precinct #8. Everything south of the above-described boundary is in Weston Precinct #15 with all of the other boundaries remaining the same.

(4) Mapleton Precinct #11/Whitney Precinct #16/Preston Precinct #5.

(a) The size of the Mapleton Precinct is increased to compensate for new homes in outlying areas. A small portion of Whitney Precinct #16 and Preston Precinct #5 are added to Mapleton Precinct #11. These changes are made to enable voters to vote at the polling place nearest to their homes.

(b) The new description for the Mapleton Precinct #11 is as follows: the eastern boundary of the precinct is the county line. The southern boundary of the precinct is the county line which is also the state line. The western boundary of the precinct begins at the southern county line and the Cache National Forest boundary line. At that point, it runs north along the forest boundary four miles, turns east for one-half mile and then north again for one mile (still following the forest boundary). At the point where Maple Creek Road enters the forest, the precinct boundary turns west, runs west around the Morgan Ridge Bluff to the township line dividing Township 16 and Township 15. Then it runs west along the township line to the Cub River. Here it turns south and runs southwest along the river to the power lines, turns north and runs along the power lines to the Middle Ditch. At the Middle Ditch it turns west and follows the ditch in a northerly direction to 800 South. At 800 South it turns east, it goes straight east for one mile and runs into Giraffe Road (the above description changes the boundary between Mapleton Precinct #11 and Whitney Precinct #16). It then follows Giraffe Road to the top of the hill. At the top of the hill a dirt road runs northeast to a peak. The boundary runs along the ridge line in a northeasterly direction to Glendale Road where the Preston water line intersects the road. It turns northwest and runs along Glendale Road to Worm Creek Road (the above description changes the boundary between Mapleton Precinct #11 and Preston Precinct #5). Then it runs northeasterly along Worm Creek Road to the Cache National Forest boundary line, thence it follows the Cache National Forest boundary north two miles, then east one mile, then north one and three-fourths miles to the power lines. At the power lines it runs along the power lines east, then south, then northeast to the county line.

(Ord. 2002-1, passed 3-11-2002)

§ 10.99 PENALTY.

(A) Except in cases where a different punishment is prescribed by a county ordinance, every offense declared to be a violation is punishable as follows.

(1) First offense: any person who pleads guilty to or is found guilty of a violation of a county ordinance shall be guilty of an infraction and, for a first offense, be punishable by a $50 fine.

(2) Second offense: any person who pleads guilty to or is found guilty of the same violation of a county ordinance within a three year time frame shall be guilty of an infraction and, for a second offense, be punishable by a $200 fine.

(3) Third offense: any person who pleads guilty to or is found guilty of the same violation of a county ordinance within a three year time frame, who previously has been found guilty of or has pled guilty to two or more violations of the ordinance, shall be guilty of a misdemeanor and, for a third offense or more, is punishable by imprisonment in the county jail not exceeding three months, or by a fine not exceeding $1,000, or by both.

(B) Each day that a violation of any ordinance exists may be charged as a separate infraction or misdemeanor violation.

(C) Nothing in this section shall limit the county’s authority to also pursue enforcement though whatever civil means are also available. The person violating the ordinance may be responsible for the county’s costs associated with a civil enforcement action.
(D) The penalties and punishments in this section are only applicable in cases where there are not already penalties/punishments within the specific ordinances.

(Ord. 2018-02-12(B), passed 2-12-2018)",True,Enforcement,Other,counties,id,,franklincounty,-0.04193115234375,1.1201171875,-0.595703125,-0.429443359375
## § 32.16 COUNTY HISTORY.,"(A) The human history of the county is important to land use because of the cultural values of its first Mormon settlers, the division of the land and resources, and the continued closeness of the community to this heritage.

(B) On April 14, 1860, 13 pioneer families arrived to settle the northern end of the Cache Valley, at which time the community of Franklin was established and is now designated as the first permanent settlement in the State of Idaho. One of the first projects was the building of an irrigation system to distribute water from Spring Creek. As more settlers arrived, the land and water was divided and communities were established as follows: Oxford 1864, Clifton 1865, Weston 1865, Preston 1866, Dayton 1867, Whitney 1869, Fairview 1869, Mink Creek 1872, Mapleton 1874, Nashville 1875, Treasureton 1875, Riverdale 1875, Dunnville 1876 (abandoned in 1878 and resettled later as Banida), Battle Creek 1877, Glendale 1884, Winder 1890, and Banida 1906.

(C) On February 15, 1872 an official survey conducted by the Department of the Interior placed these settlers, not in Utah territory as they believed, but residents of the territory of Idaho. The official county was named Oneida and extended from the Utah line north to Montana, east to Wyoming and west beyond American Falls, with the county seat first located in Soda Springs and later moved to Malad.

(D) It was not until January 1913 that Franklin County was officially established with an eventual total land area of 425,880 acres or 670.1 square miles. The City of Preston was officially established as the county seat.

(Ord. 2007-8-13B, passed 8-13-2007; Ord. 2022-2-28, passed 2-28-2022)",False,Context,,counties,id,,franklincounty,-1.5048828125,-0.0904541015625,-0.7236328125,-0.544921875
## § 32.18 COUNTY GEOGRAPHY.,"(A) When we consider the geological history, we begin to understand the significant variations of the geological formations in our county and their impact on future development.
(B) Cache Valley is a high mountain valley surrounded by the Bear River Range of the Wasatch Mountains on the east, with peaks rising to 10,000 feet, and the Wellsville and Malad Ranges on the west.

(C) The Utah/Idaho border cuts the valley approximately in half with Franklin County, Idaho located in the north end. Preston, the county seat, has an elevation of 4,710 feet, and average annual rainfall of 16.5 inches and a growing season of 123 frost-free days.

(D) The mountain ranges bordering the west, east, and north sides of our county have peaks reaching close to 10,000 feet in elevation. The valley floor ranges between 4,500 feet to 5,100 feet. Franklin County and most of Cache Valley came into its present form through structural faults and adjustments by the shifting and settling of the valley. The valley floor soon was below the drainage outlet of the valley, therefore, it filled with water even prior to the Lake Bonneville Era.

(E) The Lake Bonneville Era occurred during the Pleistocene or Glacial Epoch when the climate was cooler with increased rainfall and decreased evaporation. The stream flows were greatly enhanced and this condition continued for thousands of years. The lake covered the entire Cache Valley, extending north to Red Rock Pass and Swan Lake and up through the Bear River Canyon nearly to Grace, Idaho. The surface of the lake reached an elevation of 5,150 feet, had a maximum depth of 1,080 feet and at its highest level it covered 19,750 square miles with approximately 2,500 miles of shoreline.

(F) Due to the action of this large lake, peat beds were buried and sand deltas were formed. As the lake receded the natural streams flowing from the canyons deposited their loads of sand, gravel, and soil to form the deltas at the mouth of each stream, the Dayton bench, and the bench on the east side of the Bear River.

(G) The formation of deltas, as described, has created geological conditions which must be addressed when considering locations for the construction of homes, industrial sites, domestic and irrigation water systems, septic or waste disposal systems, and roads and bridges. Hazardous building conditions, high mineral content water sources, and soil percolation factors must all be considered in the County Comprehensive Plan and its Development Code.

(Ord. 2007-8-13B, passed 8-13-2007; Ord. 2022-2-28, passed 2-28-2022)",False,Context,,counties,id,,franklincounty,-0.64404296875,0.6669921875,-0.1876220703125,0.5595703125
## § 32.21 ECONOMY.,"(A) (1) There is a reasonably stable agriculture base supported mainly by the dairy, beef, and poultry industries. There are a limited number of small to medium sized animal confinement operations which also contribute to the local economy. Ritewood Eggs, Nyoplast America, Lundal Mfg., Trails West, and Franklin County Medical Center have continued to expand and are providing a substantial labor base and contribution to the community.

(2) The county supports two school districts, Preston School District 201 and Westside School district 202, both providing a sizeable labor base for the county. Part of the Grace School District 148 lies in the northeastern part of the county.

(B) (1) Pioneer Newspapers located in the county in the year 2000 and prints the newspapers for the Herald Journal of Logan, Utah and the Idaho State Journal of Pocatello, Idaho, increasing the labor force by an estimated 40 employees.

(2) The unemployment rate in the county at this time is 3.7%, indicating a reasonably stable labor base within the area.

(Ord. 2007-8-13B, passed 8-13-2007; Ord. 2022-2-28, passed 2-28-2022)",False,Context,,counties,id,,franklincounty,-1.015625,-0.1455078125,-1.0,-0.6875
## § 32.43 AIRPORTS.,"(A) It shall be the county’s policy to protect the public investment in local airports and the safety of air travelers by adopting airport area height limitations and safety restrictions, as recommended by the Federal Aviation Administration.

(B) There is one airport in the county: the Preston Municipal Airport. The county’s strategy for implementation of this policy will be to prevent any conflict with the operation of Preston’s Municipal Airport and assure the integrity of the airport by adopting, and enforcing the relevant portions of the Federal Aviation Administration regulations for “Objects Affecting Navigable Airspace”.

(Ord. 2007-8-13B, passed 8-13-2007; Ord. 2022-2-28, passed 2-28-2022)",True,Rules,Buildings,counties,id,,franklincounty,-0.281005859375,0.0850830078125,-0.28955078125,0.8681640625
### § 50.003 APPLICATION.,"This chapter shall apply to all persons within the county, including those receiving solid waste services, eligible to receive solid waste services and engaging in the collection of solid waste. It shall not apply to the City of Preston, Idaho, which has
its own trash collection system.

(Ord. 2003-5, passed 9-22-2003)",False,Context,,counties,id,,franklincounty,0.0015268325805664062,-1.3056640625,-0.453857421875,-0.8359375
## § 150.053 PROCEEDINGS.,"(A) The designation of roads as set forth herein, and as designated on the road map referred to herein, were so designated and so adopted on August 12, 1996, after and pursuant to a public hearing.

(B) Notice of the public hearing was caused to be published in the Preston Citizen on July 10, 1996 and July 17, 1996.

(C) The notice was given to publish the county’s intention to designate said roads and to adopt said map as the Official Road Map of Franklin County.

(D) At the hearing, all interested persons were heard.

(Ord. 1996-8, passed 8-12-1996)",False,Process,,counties,id,,franklincounty,-1.4892578125,-0.1019287109375,-1.2431640625,-0.9501953125
## § 150.065 PURPOSE.,"(A) The purpose of this subchapter is to establish an Area of City Impact for the City of Preston, Idaho (city) within the unincorporated area of Franklin County, Idaho (County).

(B) The adoption of this subchapter for the Area of City Impact shall:

(1) Ensure that development in the Area of City Impact has no unreasonably adverse impact on the city’s municipal water supply;

(2) Ensure that development in the Area of City Impact has no unreasonably adverse impact on or unduly increases the potential for flooding, contamination of groundwater, surface water, fish and wildlife habitat, and protects spring sources, wellhead, and watershed protection areas;

(3) Ensure that development in the Area of City Impact has no unreasonably adverse impact on land use areas within the city;

(4) Ensure that development in the Area of City Impact has no unreasonably adverse impact on residents of the city or the county by generating demands for new and improved publicly-funded facilities in the Area of City Impact;

(5) Ensure that development in the Area of City Impact has no unreasonably adverse impact by increasing traffic routed through the city or county, thereby unduly impacting residents’ enjoyment of their homes, or creating safety hazards, or necessitating major street improvements at public expense;

(6) Take into full consideration trade areas of the city, geographic factors, and areas that can reasonably be expected to be annexed in to the city in the future;

(7) Ensure the rights of county residents to make reasonable use of their property; and

(8) All items are for comment only whether it pertains to the city or the county.

(Ord. 2017-2-13, passed 2-27-2017)",False,Context,,counties,id,,franklincounty,0.336669921875,0.49072265625,0.1492919921875,1.0732421875
## § 150.067 GEOGRAPHIC OF CITY IMPACT AND WATERSHED AND WELLHEAD PROTECTION AREA.,"The Preston Area of City Impact is hereby adopted as the area designated on the Preston Area of City Impact Map attached to the ordinance codified herein, incorporated herein by reference, and more particularly described as follows, provided that the area described imposes no land use restrictions except as specified in other sections of this subchapter.

(A) The unincorporated area generally described as the area lying three-quarters of a mile north of 800 North Street (1400 North), three-quarters of a mile west of 800 West Street (1400 West) following along the meander line of the Bear
River at points of intersection between 1400 North to 1400 South, three-quarters of a mile south of 800 South Street (1400 South), and three-quarters of a mile east of 800 East Street (1400 East).

(B) The unincorporated area extending 35 feet beyond the centerline of any street or road situated on the boundary of the Area of City Impact.

(C) Fifty feet on each side of the city’s water main line(s) from Bergquist Springs to the city’s water storage tanks, and from the storage tanks to the city.

(D) The Watershed Protection Area and all of the land within 3,000 feet of Bergquist Springs.

(E) The Watershed Protection Area and all the land within 1,500 feet of the spring below Giendale Reservoir described in the July 11, 1959 agreement and addendum agreement, dated December 11, 2000, between Preston Eastside Water Company, Preston-Whitney Irrigation Company and the city.

(Ord. 2017-2-13, passed 2-27-2017)",True,Rules,Zoning,counties,id,,franklincounty,-0.775390625,1.375,-0.85107421875,-0.32177734375
## § 150.069 ORDINANCE ADMINISTRATION AND ENFORCEMENT.,"(A) The county shall be responsible for the administration and enforcement of the county’s ordinances where they apply within the Area of City Impact.

(B) All proposed subdivision development plats or any development or building requiring a permit under county ordinances situated within the Area of City Impact shown on the Preston Area of City Impact Map shall be submitted to the city for review and comment at least 14 days before the first official decision regarding the subdivision or development is to be made by the county.

(C) All proposed subdivision development plats or any industrial occupancy requiring a permit from the city which is within one-quarter of a mile within the city limits shall be submitted to the county for review and comment at least 14 days before the first official decision regarding the subdivision or development is to be made by the city.

(D) Maintenance of public streets located in the Area of City Impact shall remain the responsibility of the county and the state, unless otherwise stipulated by written agreement between the county, the state, and the City of Preston.

(E) Law Enforcement and fire services in the Area of City Impact shall remain the responsibility of the county unless otherwise stipulated by written agreement between the county and/or Fire District and the City of Preston.

(F) Animal Confinement Operations (ACOs), as defined by Ord. 2002-2, within the Area of City Impact should only be allowed with vigilant review and input by both the city and county.

(Ord. 2017-2-13, passed 2-27-2017)",True,Rules,Other,counties,id,,franklincounty,0.76611328125,0.62548828125,-0.36669921875,-0.198486328125
## § 153.111 ZONING DISTRICTS.,"The following zoning districts are established to implement the comprehensive plan:
(A) Commercial (C). To permit the establishment of areas for commercial uses which complement the needs of the county citizens but that do not compete with uses allowed within the cities and their approved areas of city impact.

(B) Industrial/Extraction (I/E).

(1) To encourage the development of major manufacturing, processing, warehousing, research and testing operations. Limited office and commercial uses may be permitted as ancillary uses. All development within this land use shall be free of hazardous or objectionable elements such as noise, odor, dust, smoke, or glare.

(2) To provide land for the mining, processing and storage of mineral resources. This district is designed to ensure that these resources be properly managed and all land be reclaimed so as not to create a hazard or nuisance which either immediately or in the future adversely affects the health, safety or general welfare of the community.

(C) Public/Semi-Public (PS). To provide for public/semipublic development such as parks, recreation facilities, greenways, schools, and public service facilities such as government offices.

(D) Recreation (RC). To provide for seasonal recreational and residential uses in areas that do not have year-round road access and/or have no access to water and sanitary facilities. Use of this zone will be limited to parcels with seasonal access as determined by the Franklin County Road and Bridge Department.

(E) Residential (R). To provide regulations and districts for various residential neighborhoods. Minimum lot size in an R district shall be determined according to the numeral following the R.

(1) Area of Impact (AI). Single-Family Residential minimum of a (0.5) half-acre with central sewer and/or water. Primarily intended for residential uses within an area of city impact.

(2) Residential One (R1). Single-Family Residential minimum one-acre lot.

(3) Residential Two (R2). Single-Family Residential minimum two and a half-acre lot.

(4) Agricultural Residential (AR). Single-Family Residential minimum ten-acre lot. This is the base zoning district for all of Franklin County unless otherwise specified on the Official Zoning Map.

(F) Overlay districts. Overlays shall be identified with extensions after the primary/underlying zone.

(1) FEMA Floodplain/Floodway Hazard Areas (FEMA Flood Risk Areas) (-FP). To provide protection of landowners and the general public in special flood hazard areas. Development in this overlay shall be restricted based on the allowance of Franklin County Code and the US Army Corps of Engineers. See Specific Use Standards in § 153.123(B) of this code.

(2) Groundwater/Wellhead Protection Areas (All of Franklin County) (-GW). To protect groundwater from contamination and overuse.

(3) High Nitrate Areas (-HN). Areas identified on the Idaho Department of Environmental Quality Nitrate Priority Area Map. To protect the health, safety and welfare of the public from high nitrate contamination and to regulate uses that will further degrade the area.

(4) Preston City Airport Overlays (Preston Airport Master Plan) (-AO). To provide for the safety of aircraft pilots and passengers and protect a substantial investment of public funds by assuring that land development and construction activities within the Airport Overlay Zoning District are compatible with the safe and continued use of the airport serving Preston City Airport. See Specific Use Standards in § 153.123(A) of this code.

(Ord. 2025-09-08, passed 9-8-2025)",False,Context,,counties,id,,franklincounty,0.66943359375,1.009765625,0.419677734375,0.1485595703125
## § 153.114 STANDARDS FOR ENSURING LAND USE COMPATIBILITY.,"(A) *Potential nuisances.* All potential nuisances and hazards shall be mitigated by appropriate means.

(1) No development shall create excessive levels of noise or vibration beyond its property line. Excessive noise, as measured at the property line.

(2) *Maximum sound levels.* No development that creates excessive levels of sound beyond its property line shall be permitted. Excessive sound, measured at the property line of the receiving use, exceeds the standards established within the following table.

**Table 8.5.1:**

<table>
  <tr>
    <th>Receiving Use</th>
    <th>Maximum Sound Level</th>
  </tr>
  <tr>
    <td>Residential and Commercial</td>
    <td>80 dBA, during daylight hours<br>50 dBA, dusk to dawn</td>
  </tr>
  <tr>
    <td colspan=""2"">Note: “dBA” is the measure of sound levels in A-weight decibels</td>
  </tr>
</table>

(3) This standard applies to sounds generated by the occupancy or operation of a development, including sound generated by the operation of trains, motor vehicles, and heavy equipment on the site. It does not apply to the movement of trains on existing railroad rights-of-way, the movement of motor vehicles on public roads, the operation of farm machinery, the operation of watercraft, or other sources of noise that are not attributable to a particular development.

(4) No development shall direct hazardous light, glare, or heat beyond its property line. Illumination of signs is specifically addressed in the Franklin County Sign Ordinance (2006-3).

(5) Solid waste shall be handled in a manner that does not:

(a) Attract rodents, flies, or other animals;

(b) Generate odors perceptible beyond the property line;

(c) Generate liquid runoff; or

(d) Permit the blowing of paper and other lightweight waste.

(6) Industrial or commercial solid waste handling and storage areas shall be effectively screened from the public view by enclosure in a building location on the site, or the construction of a fence, wall or landscaped buffers.

(7) No development shall channel storm water or snow melt runoff in a way that adversely impacts neighboring properties or public ways.

(8) No development shall change the landscape in a way that creates sustained dust and debris (other than during construction phases) beyond the normal existing conditions.

(B) *Hazardous substances.* Any development that is, or that may reasonably be expected to be, subject to the reporting requirements of EPCRA (the Emergency Planning and Community Right-To-Know Act of 1986) shall demonstrate continuing compliance with state and federal requirements for the storage and handling of hazardous substances.

(C) *Weed control.* As required by Idaho Code 22-2407, ""It shall be the duty and responsibility of all landowners to control noxious weeds on their land and property...""

(D) *Livestock on residential lots.* The keeping of livestock on residential lots shall be governed by Franklin County Ordinance 2002-2, unless restricted further in the development’s recorded Covenants, Conditions & Restrictions (CCR’s).

(E) *Buffering.* Buffering shall be required if a development falls under anyone of the conditions listed under ""Potential
Nuisances"" above. A guideline for creating buffers can be found in this chapter.

(1) Installation of landscaped buffers between potentially incompatible land uses and/or along public roads shall be in compliance with Table 8-5-5 of this code.

(2) Retention of existing, mature vegetation that serves buffering functions shall be encouraged.

(3) For Commercial/Industrial developments, effective and reasonable buffers shall be required when within 500 feet of an incompatible use as defined in Table 8-55 of this code.

(4) Installation of buffers and/or building placement requirements to minimize the obstruction of natural view.

(F) Landscaping. Landscaping requirements are an essential element in mitigating potential land use conflicts and enhancing the visual appeal of the county. The purpose of this chapter is to assure that the landscaped buffers required by these regulations effectively accomplish those goals.

(1) Minimum buffer requirements. The width of required buffers shall vary with the nature of the uses being separated, the height of the buildings being separated, and the construction of the buffer, as shown in the Table 8-5-5. The basic buffer width given in that table is the width required where the buffer consists of the following:

(a) A level or gently sloping area of sod or ground cover.

(b) At least five major trees per hundred lineal feet of buffer, where the dripline of mature trees will touch or just overlap.

(c) At least ten shrubs per hundred lineal feet of buffer. Shrubs are to have mature height of 36 inches or more. Ground cover has a mature height of 35 inches or less.

(d) The table also shows where a solid fence, wall, or berm, is required as part of a buffer.

(2) Height adjustment. The basic buffer width shall be increased by the height adjustment factor, where one is established. The height adjustment factor is a ratio expressing the number of feet that must be added to the basic buffer width for each foot in height over 25 feet of the building being buffered.

(3) Buffer width reduction; berms, walls, and fences. The basic buffer width requirements may be reduced where a berm is included in the buffer. The width reduction shall be twice the height of the berm, but the maximum permitted reduction shall be ten feet. No berm shall have a slope of more than 3:1 except where a retaining wall is incorporated into the berm on the side opposite the use or public way being buffered. Berms, walls, or fences may be required in cases where the potential nuisances being mitigated are noise or dust/debris.

(4) Buffer width reduction; additional plantings. The basic width requirements may be reduced where a greater density and diversity of plantings is included in the buffer. The buffer width reductions permitted in this section are cumulative and may result in a total reduction of up to 30%. The buffer width reductions permitted are also cumulative with those permitted here.

(a) Major trees. The required buffer width shall be reduced by 10% where six or more major trees per hundred lineal feet are planted or retained.

(b) Shrubs. The required buffer width shall be reduced by 10% where 20 or more shrubs per hundred lineal feet are planted or retained.

(5) Minimum buffer width. No required buffer shall be less than half the basic buffer width or less than ten feet in width, regardless of any reductions permitted.

(6) Buffer crossings/inclusions. Buffers may be crossed by access driveways, utility lines, sidewalks, and pedestrian trails. A sidewalk or pedestrian trail may also run along the length of a buffer, with its width, up to a maximum five feet, being included in the required buffer width. Buffers may also include permitted signs.

(7) Plant materials specifications. Plant materials installed in required buffers shall be warranted for one year and meet the following specifications:

(a) All trees shall be containerized or bagged and burlapped stock in good condition with a caliper of at least 1.5 inch, measured one foot above grade, for deciduous trees, and a height of at least six feet for coniferous trees.

(b) All shrubs shall be minimum one-gallon containerized stock in good condition with a mature height of 36 inches or more.

(c) Ground covers shall have a mature height of 35 inches or less.

(8) Maintenance. Perpetual maintenance of buffers is required. If the use of the development lot changes, the buffer requirements may change also. This will be handled on a case-by-case basis.

Table 8-5-5-2: Buffering Requirements
<table border=""1"" class=""dataframe"">
  <thead>
    <tr style=""text-align: right;"">
      <th>Types of Development/Zoning</th>
      <th>Abutting use/Zoning</th>
      <th>Basic Buffer Width (ft)</th>
      <th>Height Adjustment</th>
      <th>Headlight Buffer</th>
      <th>Berm, Wall or Fence Required (Noise, Dust &amp; Debris Mitigation)</th>
    </tr>
  </thead>
  <tbody>
    <tr>
      <td>Types of Development/Zoning</td>
      <td>Abutting use/Zoning</td>
      <td>Basic Buffer Width (ft)</td>
      <td>Height Adjustment</td>
      <td>Headlight Buffer</td>
      <td>Berm, Wall or Fence Required (Noise, Dust &amp; Debris Mitigation)</td>
    </tr>
    <tr>
      <td>Industrial</td>
      <td>Residential</td>
      <td>50</td>
      <td>1:1</td>
      <td>For parking</td>
      <td>Yes</td>
    </tr>
    <tr>
      <td>Industrial</td>
      <td>Any public way</td>
      <td>12</td>
      <td>None</td>
      <td>No</td>
      <td>Yes</td>
    </tr>
    <tr>
      <td>Industrial or commercial</td>
      <td>Adjoining visually sensitive area</td>
      <td>50</td>
      <td>1:1</td>
      <td>No</td>
      <td>Yes</td>
    </tr>
    <tr>
      <td>Commercial</td>
      <td>Residential, platted residential lots</td>
      <td>20</td>
      <td>.75:1</td>
      <td>For parking</td>
      <td>Yes</td>
    </tr>
    <tr>
      <td>Commercial outdoor material storage, handling, or sales areas over 10,000 SF</td>
      <td>Residential</td>
      <td>50</td>
      <td>None</td>
      <td>Yes</td>
      <td>Yes</td>
    </tr>
    <tr>
      <td>Commercial outdoor materials storage, handling, or sales area, any size</td>
      <td>Any public ROW</td>
      <td>12</td>
      <td>None</td>
      <td>No</td>
      <td>Yes</td>
    </tr>
    <tr>
      <td>Parking areas</td>
      <td>Single-family residential</td>
      <td>20</td>
      <td>0.80:1</td>
      <td>For parking</td>
      <td>Yes</td>
    </tr>
    <tr>
      <td>Residential</td>
      <td>Visually sensitive area</td>
      <td>20</td>
      <td>None</td>
      <td>None</td>
      <td>No</td>
    </tr>
    <tr>
      <td>Recreational</td>
      <td>Any public ROW</td>
      <td>30</td>
      <td>0.75:1</td>
      <td>For parking</td>
      <td>Yes</td>
    </tr>
  </tbody>
</table>

(G) Stub street, cross access and connections. All developments are encouraged to be designed to optimize functional connections with adjoining developments, including shared access to roads shared parking and service access, shared buffers and open space, and shared pedestrian circulation.

(1) Development should be designed to limit the number of individual access points onto arterials and state highways and direct access whenever possible to controlled intersections.

(2) All development shall comply with the requirements of the Franklin County Road and Bridge Department and adopted standards.

(3) Zoning may be limited to Recreational (RC) by the Franklin County Road and Bridge Department due to the availability of a maintained all season road.

(Ord. 2025-09-08, passed 9-8-2025)

**DENSITY, DIMENSIONAL STANDARDS, USE STANDARDS AND DEVELOPMENT DESIGN**

§ 153.120 PURPOSE.

This subchapter establishes the development and dimensional standards for development in Franklin County.

(Ord. 2025-09-08, passed 9-8-2025)

§ 153.121 DENSITY AND DIMENSIONAL STANDARDS.

Table 9-2-1:

<table border=""1"" class=""dataframe"">
  <thead>
    <tr style=""text-align: right;"">
      <th colspan=""4"">Schedule of Building Height and Lot Area Regulations</th>
    </tr>
    <tr style=""text-align: right;"">
      <th>Zoning District</th>
      <th>Maximum Height</th>
      <th>Minimum Yard Setback</th>
      <th>Minimum Lot Area</th>
    </tr>
  </thead>
  <tbody>
  </tbody>
</table>
<table border=""1"" class=""dataframe"">
  <thead>
    <tr style=""text-align: right;"">
      <th></th>
      <th></th>
      <th>Front</th>
      <th>Back</th>
      <th>Side</th>
      <th>Corner</th>
    </tr>
  </thead>
  <tbody>
    <tr>
      <td colspan=""6"">Schedule of Building Height and Lot Area Regulations</td>
    </tr>
    <tr>
      <th>Zoning District</th>
      <th>Maximum Height</th>
      <th colspan=""4"">Minimum Yard Setback</th>
      <th>Minimum Lot Area</th>
    </tr>
    <tr>
      <th></th>
      <th></th>
      <th>Front</th>
      <th>Back</th>
      <th>Side</th>
      <th>Corner</th>
      <th></th>
    </tr>
    <tr>
      <td colspan=""7"">Base Districts</td>
    </tr>
    <tr>
      <td>R-A</td>
      <td>Agricultural Residential</td>
      <td>40 ft</td>
      <td>50 ft</td>
      <td>10 ft</td>
      <td>10 ft</td>
      <td>50 ft</td>
      <td>10-acres</td>
    </tr>
    <tr>
      <td>AI</td>
      <td>Rural Residential</td>
      <td>40 ft</td>
      <td>50 ft</td>
      <td>10 ft</td>
      <td>10 ft</td>
      <td>50 ft</td>
      <td>1-acre*</td>
    </tr>
    <tr>
      <td>R1</td>
      <td>Residential One</td>
      <td>40 ft</td>
      <td>50 ft</td>
      <td>10 ft</td>
      <td>10 ft</td>
      <td>50 ft</td>
      <td>1-acre</td>
    </tr>
    <tr>
      <td>R2</td>
      <td>Residential Two</td>
      <td>40 ft</td>
      <td>50 ft</td>
      <td>10 ft</td>
      <td>10 ft</td>
      <td>50 ft</td>
      <td>2.5-acres</td>
    </tr>
    <tr>
      <td>RC</td>
      <td>Recreation</td>
      <td>40 ft</td>
      <td>50 ft</td>
      <td>10 ft</td>
      <td>10 ft</td>
      <td>50 ft</td>
      <td>1-acre</td>
    </tr>
    <tr>
      <td>C</td>
      <td>Commercial</td>
      <td>40 ft</td>
      <td>50 ft</td>
      <td>10 ft</td>
      <td>10 ft</td>
      <td>50 ft</td>
      <td>1-acre</td>
    </tr>
    <tr>
      <td>I/E</td>
      <td>Industrial/Extraction</td>
      <td>40 ft</td>
      <td>50 ft</td>
      <td>10 ft</td>
      <td>10 ft</td>
      <td>50 ft</td>
      <td>1-acre</td>
    </tr>
    <tr>
      <td>P/PS</td>
      <td>Public/Semi-Public</td>
      <td>40 ft</td>
      <td>50 ft</td>
      <td>10 ft</td>
      <td>10 ft</td>
      <td>50 ft</td>
      <td>No Minimum</td>
    </tr>
    <tr>
      <td colspan=""7"">Overlays</td>
    </tr>
    <tr>
      <td>F</td>
      <td>FEMA</td>
      <td colspan=""6"">Must comply with base district and § 153.123(B)</td>
    </tr>
    <tr>
      <td>GW</td>
      <td>Groundwater/Well Protection</td>
      <td colspan=""6"">Must comply with base district and § 153.123(C)</td>
    </tr>
    <tr>
      <td>HN</td>
      <td>High Nitrate</td>
      <td colspan=""6"">Must comply with base district and § 153.123(D)</td>
    </tr>
    <tr>
      <td>PA</td>
      <td>Preston Airport</td>
      <td colspan=""6"">Must comply with base district and § 153.123(A)</td>
    </tr>
    <tr>
      <td colspan=""7"">Extensions</td>
    </tr>
    <tr>
      <td>DA</td>
      <td>Development Agreement</td>
      <td colspan=""6"">Indicates that there is a formal agreement on the property that may have specific conditions and limitations</td>
    </tr>
    <tr>
      <td>CS</td>
      <td>Cluster/Conservation Subdivision</td>
      <td colspan=""6"">Must comply with base district and § 153.134</td>
    </tr>
  </tbody>
</table>

* Minimum lot size in the AI zone may be reduced to 1/2-acre when central water or central sewer is available.

* Note Conditions:

A. Setback reductions (to be measured from the foundation to the property line):

1. Building eaves may extend no more than two feet into any setback.

2. Open structures such as porches, canopies, balconies, platforms, carports, covered patios and similar architectural projections shall be [text missing].

3. Open porches for residential dwelling units shall not project more than five feet into the required front yard setback provided that the remaining [text missing].

4. A single-family dwelling unit that utilizes a side entry garage shall be permitted to have a five foot reduction in the minimum required front yard.

5. Upon the submittal of the waiver application and findings adopted by the zoning administrator addressing compliance with the following criteria, accessory structures may be permitted to be located within a minimum of 15 feet of the rear property line.

B. The applicant shall provide written approval of the setback reduction from all adjoining property owners at the time of application submittal. If written approval cannot be obtained, then the county shall notify the adjoining property owners and inform them in writing about the applicant’s setback reduction. The adjoining property owners shall have ten calendar days from the decision date to appeal. In the event of a denial the applicant shall be allowed to appeal the PZA’s decision. If no appeal is submitted, the decision is final.

C. Except for single-family attached dwellings, an additional five feet per story side setback is required for multi-story structures. Height not to exceed maximum allowed within the zone.

D. All residential buildings in other than agricultural or residential districts must meet residential official height and area regulations.

E. Front yard setback from arterial and collector streets (as designated by Franklin County Road and Bridge) is 100 feet from road centerline in all residential zoning districts.

F. Street side setback on arterial and collector streets (as designated by Franklin County Road and Bridge) is 100 feet from road centerline in all residential zoning districts.

(Ord. 2025-09-08, passed 9-8-2025)",True,Rules,Zoning,counties,id,,franklincounty,0.71240234375,1.5654296875,0.99462890625,1.1259765625
#### (a) No structure shall be permitted on slopes of 30% or more.,"No development shall be permitted on other slopes
suspected to be unstable, unless a geotechnical qualified engineer certifies that such development creates no significant hazard of stope failure or accelerated soil erosion.

(b) Open space should use slopes of 20% or more, or other slopes identified as unstable.

(7) Wildfire hazards. All developments that are in or adjacent to forested areas, or areas of flammable brushy vegetation shall be encouraged to complete a site-specific wildfire management plan or at a minimum:

(a) For individual structures, including all single-family dwellings. Provide a fire defensible space of at least 30 feet around the home or structure. A defensible space is one in which trees are thinned so that crowns do not overlap or touch, woody brush is removed or substantially thinned, and dead fuel is removed. Maintenance of the defensible spaces is a requirement for continuing compliance with this section and shall be required as part of the development CC&R’s.

(b) For subdivisions. Thin or remove woody brush and remove dead fuel from high danger areas, and provide appropriate perimeter and, in larger developments, internal fuel breaks. A fuel break (strategically located strip of land in which trees and woody brush have been thinned and fuel removed) shall create an open ""park-like"" appearance. Fuel breaks either include roads or are accessible to firefighting apparatus. Fuel breaks are generally at least 50 feet in width and shall be identified as maintenance easements on the preliminary and final plat. Maintenance of the defensible spaces is a requirement for continuing compliance with this section and shall be required as part of the development CC&R’s.

(8) Wildlife habitat. The preservation of wildlife habitat areas and migration corridors should be encouraged as part of the development design and layout.

(a) All developments shall complete an identification of the wildlife habitat areas on site as identified by the Idaho Department of Fish and Game (IDFG).

(b) Developments that are in or adjoining a wildlife habitat area and/or migration corridors shall implement, in conjunction with IDFG, a prepared plan for the protection and/or mitigation of wildlife values. That plan shall:

1. Identify the wildlife habitat area, the principle species present during any or all seasons.

2. Identify existing wildlife habitat elements, including sources of water, vegetative cover, and migration routes or other wildlife use areas.

3. Show how land disturbance will be minimized to maximize retention of large habitat patches.

4. Show how the plan provides for movement of wildlife through or around developed areas and the connection of habitat patches.

5. Show how disturbed areas will be re-vegetated, and how re-vegetation will result in volume, structure, and diversity of vegetation similar to that found in the native habitat appropriate for the site.

(c) The use of wildlife friendly culverts and/or bridges are encouraged.

(9) Native plants. The use of native plants propagated from regional stock in the revegetation and buffering efforts required by this section is encouraged.

(10) Air quality. All developments shall demonstrate continuing compliance with state and federal air quality regulations.

(11) Aquifer recharge and protection. Where agricultural land that has water rights and/or water shares of an irrigation company, is considered for development, Franklin County strongly encourages that the irrigation water rights and/or shares remain on the property to ensure recharge of the aquifer and to prevent depletion of the aquifer by culinary well consumption; as recommended by the Franklin County Groundwater Evaluation Study.

(12) Shall demonstrate compliance with Idaho Code Chapter 31, § 3805.

(B) Standards for maintaining agricultural resources and farm economy. All development applications shall demonstrate how they do not adversely impact the agricultural resources of the county and comply with the specific standards of this chapter.

(1) Protecting irrigation systems. All developments including or adjoining irrigated lands, or including or adjoining any irrigation works (diversions, head gates, canals, pumps, drains, etc.) shall be reviewed by the responsible irrigation entity. No development shall be permitted to adversely impact the operation of any irrigation system, and all developments shall comply with the specific standards established herein.

(a) All subdivisions shall demonstrate compliance with Idaho Code § 31-3805, as amended. Compliance shall be obtained by the transfer of water rights, or the installation of a central irrigation system maintained by a community association.

(b) No development shall channel storm water or snow melt runoff into any irrigation system without written consent of the responsible irrigation entity.

(c) All developments and changes in land use shall demonstrate how existing irrigation shares are being utilized to serve the new use and/or development prior to the transfer/sell of irrigation shares from the property. If shares are transferred prior to the submittal of an application the county may require the acquisition or equivalent shares prior to approval of development/change of use.
(2) Protecting agricultural operations. All developments shall comply with Franklin County Ordinances 2002-3, 2002-4 and Idaho Code Title 22 Chapter 45.

(3) Agricultural industries. While the protection of existing agricultural operations is an important goal of this subchapter and the comprehensive plan, it is also recognized that new agribusiness developments in certain areas could have an adverse impact on existing nonagricultural uses. For that reason, all new Animal Confinement Operations (ACO’s) shall comply with Franklin County Ordinance 2002-2.

(4) Protecting agricultural lands. Conversion of productive agricultural land to other uses shall be discouraged. Exception: cluster developments.

(5) Utilization of cluster/conservation subdivision. Landowners’ may utilize a cluster/conservation subdivision, §153.134 of this code, in order to redevelop a portion of their property while also protecting agricultural resources and the farm economy of the county.

(C) Standards assuring provision of adequate facilities and services. All development applications shall demonstrate how they have adequate facilities and services to sustain the density and development intensity requested. The inability to demonstrate adequate facilities and service may result in a decrease in the development entitlements and zoning intensity.

(1) Central water systems. For subdivisions, provision of a central domestic water supply system or connection to a central domestic water supply that meets state design and construction requirements shall be encouraged.

(a) Rezones to Area of Impact Residential (AI) are required to have a connection to a central water system or a central sewer system.

(2) Fire fighting water supply. See Appendix C.

(3) Easements. Easements for culinary water, sewer, power, irrigation water, storm water drainage, and other utilities shall be provided by the developer and designated on the plat.

(4) Individual water supplies. Where reliance on individual water supplies is proposed, evidence shall be provided that an adequate quantity and quality of water is available for the proposed development. The required evidence may be in the form of documented experience with existing wells at geologically similar, neighboring sites or records of on-site well tests. If there is a reasonable question as to the availability of a sufficient water supply, the Commission may require that the developer provide a producing well before approval of the final plat. Recommendations and the findings of the Franklin County Groundwater Evaluation Study will be considered.

(5) On-site sewage disposal. All on-site sewage disposal systems shall be sited, designed, and constructed in compliance with state standards.

(a) Development and subdivision applications must include evidence acceptable to the county that each building lot is potentially suitable for sewage disposal. This may be achieved by proof of a hook up with a municipality connection or by doing one of the following:

1. Retain a Soils Engineer to dig a test hole, evaluate for suitability and submit a report.

2. Retain a Soil Technician from the Soil Conservation District to dig a test hole, evaluate for suitability and submit a report.

3. Retain the Southeastern District Health Department to dig a test hole, evaluate for suitability and submit a report. (This choice may still require the services of a Soil Engineer).

(6) Private utilities. All developments shall provide all applicable utilities to each building lot. All utilities shall be underground.

(a) Property owners may choose an alternative power source (solar, wind, hydro, or generator). In such cases, the power source must be engineered to adequately supply the electrical load. Engineering documentation must be provided to Franklin County and comply with the site use standards of this code.

(7) Construction in easements. No building shall be placed in any utility or irrigation easement, public or private.

(8) Safe access. Points of access to county roads shall be sited and constructed with prior notice and approval of the Franklin County Road and Bridge Department. Developments with points of access to a state or federal highway shall obtain approval for those points of access from the Idaho Transportation Department.

(a) All subdivisions are encouraged to minimize the number of points of access to public roads and highways.

(b) The total length of dead-end roads in residential subdivisions shall be based upon the number of lots accessed by the dead-end road. All dead-end roads shall provide a turnaround with a minimum traveled surface of 90 feet in diameter at the end of the road. The maximum number of lots shall be 20, unless the following requirements are met:

1. There must be at least one turnout or turnaround for every 1,000 linear feet of road.

2. The road may loop back upon itself as long as the return loop intersects the dead-end road within 500 linear feet of the intersection of the existing public road. If a satisfactory loop system is used, the maximum number of lots is 30.

(c) All roadway improvements must comply with the requirements of the Franklin County Road and Bridge
Department. See Appendix B, Standards for the Design and Construction of Roads.

(9) Public access. No development shall eliminate historically existing public access through private lands to trail heads on public lands.

(a) The provision of additional public access or the improvement of existing access to public lands or water resources shall be encouraged.

1. Any new access created may be limited to non-motorized travel only and shall be shown as a public ingress/egress easement on the plat.

(10) Transportation Impact Study (TIS). All changes in use from residential to non-residential and all Standard, Major, and Cluster/Conservation subdivision with more than six lots shall complete a TIS as required by the Franklin County Road and Bridge Department (or the Idaho Department of Transportation) as part of the application submittal process. The county reserves the right to limit the density and intensity of uses/developments based on the capacity of the public roadway system.

(Ord. 2025-09-08, passed 9-8-2025)

§ 153.123 SPECIFIC USE STANDARDS.

The following standards shall be used to evaluate specific uses within county:

(A) Airport Overlay. The purpose of the Airport Overlay Zoning District is to provide for the safety of aircraft pilots and passengers and protect a substantial investment of public funds by assuring that land development and construction activities within the Airport Overlay Zoning District are compatible with the safe and continued use of the airport serving Preston City Airport.

(1) Height limitation zones. The Airport Overlay Zoning District is composed of several height limitation zones, which include all land lying beneath the approach surfaces, transitional surfaces, horizontal surfaces, and conical surfaces appurtenant to the Preston City Airport. These zones are shown on supplements to the Official Zoning Map of Franklin County. An area located in more than one of these zones is considered to be only in the zone with the more restrictive height limitation.

(a) Utility Runway Visual Approach Zone. The inner edge of the approach zone coincides with the width of the primary surface and is 250 feet wide. The approach zone expands outward uniformly to a width of 1,250 feet at a horizontal distance of 5,000 feet from the primary surface. Its centerline is the continuation of the centerline of the runway.

(b) Transitional zones. The transitional zones are the areas beneath the transitional surfaces.

(c) Horizontal zones. The horizontal zone is established by swinging arcs of 5,000 feet from the center of each end of the primary surface of each runway and connecting the adjacent arcs by drawing lines tangent to those arcs. The horizontal zone does not include the approach and transitional zones.

(d) Conical zone. The conical zone is the area that commences at the periphery of the horizontal zone and extends outward there from a horizontal distance of 4,000 feet.

(2) Height limitations. No structure or tree will be allowed to exceed the height limitations established here.

(a) Utility Runway Visual Approach Zone. Slopes 20 feet outward for each foot upward beginning at the end of and at the same elevation as the primary surface and extending to a horizontal distance of 5,000 feet along the extended runway centerline.

(b) Transitional zones. Slope seven feet outward for each foot upward beginning at the side of and at the same elevation as the primary surface and the approach surface, and extending to a height of 150 feet above the airport elevation. In addition, there are transitional sloping seven feet outward for each foot upward beginning at the sides of and at the same elevation as the approach surface, and extending to where they intersect the conical surface.

(c) Horizontal zone. Is 150 feet above the airport elevation.

(d) Conical zone. Slopes 20 feet outward for each foot upward beginning at the edge of the horizontal zone and at 150 feet above the airport elevation and extending to a height of 350 feet above the airport elevation.

(e) Exception from height limitations. Nothing in this section shall prohibit the construction or maintenance of any structure of 30 feet or less in height, or the growth of any tree to a height up to 30 feet above the surface of the land within the horizontal and conical zones.

(3) Permits; additional requirements. Within the Airport Overlay Zoning District, permit requirements shall be expanded to include the planting of any tree with a growth habit of more than 30 feet and the construction of any building or structure that is more than 30 feet in height and is exempted from the requirement for a permit. This includes agricultural outbuildings and similar accessory structures, except as follows:

(a) Within the horizontal and conical zones. No permits shall be required for trees with a growth habit of less than 30 feet, or for exempt structures of less than 30 feet in height, except when, because of topographic features, such a tree or structure would extend above the height limits for those zones.
(b) Within the approach zones, but at a horizontal distance of not less than 4,200 feet from each end of the runway. No permit shall be required for trees with a growth habit of less than 30 feet, or for exempt structures of less than 30 feet in height, except when, because of topographic features, such a tree or structure would extend above the height limits for those zones.

(c) In the areas lying within the limits of the transition zones, but beyond the perimeter of the horizontal zone. No permit shall be required for trees with a growth habit of less than 30 feet, or for exempt structures of less than 30 feet in height, except when, because of topographic features, such a tree or structure would extend above the height limits for those zones.

(4) Variances; additional requirements. Any application for a variance of the height limitations established in this chapter shall be accompanied by a determination from the Federal Aviation Administration as to the effect of the proposal on the operation of air navigation facilities and the safe, efficient use of navigable airspace.

(5) Nonconforming uses: additional requirements.

(a) Nonconforming uses within the Airport Overlay Zoning District may include trees and shall be required to permit the installation, operation, and maintenance of any markers and/or lights the county deems necessary to indicate their presence to the operators of aircraft. Such markers and lights shall be installed, operated, and maintained at the expense of the county.

(b) The repair and, under specified circumstances, replacement of nonconforming uses and buildings is permitted; but no nonconforming use, building, or tree shall be permitted to become a greater hazard to air navigation than it was on the effective date of this chapter.

(6) Obstruction marking and lighting. The approval of any application for a permit or variance may be conditioned on the installation, operation, and maintenance, at the owner’s expense, of the markings and/or lights necessary to indicate the presence of an obstruction to aircraft pilots.

(B) Floodplain Overlay. The following standard shall be used within the Floodplain Overlay designation:

(1) Floodplain Overlay Zoning District (FOZD) Boundaries. The FOZD shall consist of all Special Flood Hazard Areas identified on the most current Flood Insurance Rate Maps (FIRM) of Franklin County, Idaho prepared by the Federal Emergency Management Agency (FEMA). The Flood Insurance Study for Franklin County, dated March 18, 1991, and the accompanying FIRMs are adopted by reference, as supplements to the Official Zoning Map of Franklin County.

(2) Administration of Federal Flood Insurance Program requirements.

(a) Additional permit requirements. Development in the Floodplain Overlay Zoning District shall be by approval of the Commission only. For purposes of this chapter, development shall include any activity that may potentially affect flood flows.

(b) Stream corridors. If the stream corridor standards of this section impose requirements that are more stringent than those of this chapter, the most stringent requirements apply.

(c) Warning/disclaimer of liability. All applications for permits in the Floodplain Overlay Zoning District shall be accompanied by a signed and dated acknowledgment stating:

1. I understand that, while the degree of flood protection required by this ordinance is considered reasonable for regulatory purposes and is based on scientific and engineering considerations, larger floods can and will occur.

2. I understand that the projected flood levels at my development site may be increased by man-made or natural causes.

3. I understand that this ordinance does not imply that land outside the area of special flood hazard or uses permitted within such areas will be free from flooding or flood damage.

4. I understand that this ordinance does not create any liability on the part of Franklin County, of any officer or employee thereof, or on the part of the Federal Insurance Administration for flood damages.

(d) Additional application requirements. All applications for permits in the Floodplain Overlay Zoning District shall be accompanied by the following information:

1. Elevation of the lowest floor, including basements, of all proposed buildings.

2. Elevation to which any existing or proposed building has been or will be flood proofed.

3. All buildings other than single family dwellings, certification by an engineer or architect that the flood proofing methods used comply with these performance standards.

4. Where alteration of a watercourse is proposed: a description of the extent to which the watercourse will be altered or relocated as a result of the proposed development, and proof that all state or federal permits required for that alteration have been approved. The developer shall provide the base flood elevation data for all subdivisions or other developments that include 50 or more lots or dwelling units, or five or more acres.

5. All subdivision proposals shall be consistent with the need to minimize flood damage. Where base flood elevations data has not been provided or is not available from another authorized source, it shall be generated for
subdivision proposals and other proposed developments within this code.

(e) Additional duties. The Administrator shall serve as local floodplain ordinance administrator and perform the following duties:

1. Determine that all required state and/or federal permit have been obtained before reviewing any application for a permit in the Floodplain Overlay Zoning District.

2. Where base flood elevation data are not provided by FEMA (Federal Emergency Management Agency): Obtain and reasonably utilize any base flood elevation and floodway data available from state, federal, or other sources as a basis for the administration of this chapter.

3. Maintain a record of the actual elevation of the lowest floor of all new or substantially improved buildings, and whether or not the building contains a basement.

4. Maintain a record of flood proofing certifications. Notify downstream communities and all applicable State and Federal agencies prior to the alteration or relocation of a watercourse, and submit evidence of that notification to FEMA.

5. Maintain records of appeal actions and report all variances allowed to FEMA.

(3) Standards for Special Flood Hazard Areas.

(a) Site planning. Design and construction of all subdivisions and uses are required shall minimize flood damage. Utilities and structures shall be located and designed to minimize flood damage, and the site shall be graded and drained to guide floodwater around and away from existing and/or proposed buildings.

(b) Residential development. All residential buildings shall comply with the International Residential Building Code.

1. Where base flood elevation data are not available through the flood insurance study or from another source, applications shall be reviewed to assure that the proposed construction will be reasonably safe from flooding. This determination of reasonableness shall be based on evidence submitted with the application by the developer, including historical flood records, photographs of past flood events, and similar documentation. The minimum elevation above grade in such cases shall be two feet.

2. Recreational vehicles placed on sites are required to either: (i) be on the site for fewer than 180 consecutive days; (ii) be fully licensed and ready for highway use, on its wheels or jacking system, is attached to the site only by quick disconnect type utilities and security devices, and has no permanently attached additions.

(c) Nonresidential development. All non-residential buildings shall comply with the International Building Code.

(d) Floodway. The floodway is the channel of a watercourse and any adjacent land area that must be reserved in order to discharge the base flood without cumulatively increasing the water surface elevation more than one foot. The floodway is a hazardous area due to the velocity of flood waters which carry debris and potential projectiles and the high erosion potential. Encroachments into the floodway, including fill, new construction, substantial improvements, and other development, shall be prohibited unless an engineer or architect certifies that the encroachment will not result in any increase in the flood level during the base flood discharge.

(e) Maintenance of flood capacity. Continuing maintenance to prevent the reduction of flood carrying capacity in altered or relocated watercourses shall be required.

(f) Areas of shallow flooding. In these areas, base flood depth ranges from one to three feet, a clearly defined channel does not exist, the path of flooding is unpredictable and indeterminate, and velocity flow may be evident.

(4) Variances in the Floodplain Overlay Zoning District.

(a) Additional finding for variances. The approval of any variance in the Floodplain Overlay Zoning District will not result in increased flood levels, a threat to public safety, or extraordinary public expense.

(b) Notice of variance. Where a variance of the requirements of this is approved, the commission’s notice of the decision shall clearly state that the county is not liable for any flood damages that result from the variance. Where a variance of the elevation requirements is approved, the administrator shall also notify the developer that the cost of flood insurance will be commensurate with the increased risk resulting from the reduced lowest floor elevation.

(C) Wellhead protection. Following standards shall be utilized in the Wellhead Protection Overlay zone:

(1) No building, structure, permanently installed apparatus, or anything requiring a building permit; concentration of livestock or chemical application not associated with the water source in question may be placed within 300 feet of any public underground culinary well nor within 500 feet of any public culinary spring.

(2) The building permit checklist shall require verification that any proposed structure is not within the prohibited area of an underground culinary water source. PUBLIC shall be defined as serving more than two residences.

(D) Gravel mining and extraction. This section provides for reasonable assurance that gravel mining operations will not adversely affect neighboring uses.

(1) Road capacity. Applications shall provide a site specific transportation study consistent with the standards of the Franklin County Road and Bridge Department as part of the permitting process.
(2) No gravel mining shall be permitted where existing roads and/or bridges do not have adequate capacity to support the anticipated truck traffic.

(3) Buffer required. A buffer area of at least 50 feet wide shall be provided between all operating areas of the mine, including parking, storage, etc., and the property line. No existing vegetation that has buffering capacity shall be removed from a required buffer.

(4) Dust control. Must submit a fugitive Dust Control Plan consistent with Idaho Code § 39103.

(5) Operating hours. Mining operations shall be limited to the hours established in Table 85-1 of this code. The noise level at the property line shall be limited to 80dBA.

(6) Groundwater protection. No gravel mine shall penetrate an aquifer. A variance of this standard may be considered, but only where a professionally prepared plan for the prevention of aquifer pollution is implemented. Any such plan shall, at a minimum, require the diversion of surface runoff from the excavation, the installation and maintenance of vegetative filter strips around the excavation, and the minimization of the area of aquifer surface exposed at any one time.

(7) Reclamation. The reclamation plan (reclamation plans are required by Idaho Code §§ 47-1501 et seq.) for the gravel mine shall show how the site will be reclaimed to a condition where it can be used for a compatible use. Reclamation that fulfills the requirements of state law shall generally be acceptable outside areas of city impact. In those areas of city impact where there is a comprehensive plan, the reclaimed site shall be suitable for a use permitted by that plan.

(E) Multi-family development. This section provides for the regulation, establishment, and construction for multi-family dwellings. To provide reasonable assurance that multi-family dwellings will not adversely affect neighboring uses.

(1) Definition. A MULTI-FAMILY DWELLING refers to any housing unit where two or more dwellings are separated by a common wall, floor or ceiling.

(2) Minimum lot size. The minimum lot size for a multi-family development is two acres.

(3) Maximum density. The maximum density for a multi-family development is one unit per half acre (0.5).

(4) Design. Multi-dwelling site development shall comply with the requirements for zoning standard in §§153.110 through 153.114 and all other parts of the development code shall apply.

(5) Buffering. Buffering for multi family and associated parking shall comply with §153.114(E) of this code.

(6) Access. Each access road to each multi-family dwelling should be continuous and unobstructed and shall connect directly to a year-round maintained public road. Direct vehicular access to dwelling units shall be limited to the access road provided and shall be asphalt or chip-seal surface or any hard surface.

(7) Off-street parking. Hard surface parking space shall be provided for the parking of motor vehicles in the ratio of at least three parking spaces for each dwelling unit. The owner shall provide adequate snow removal from access roads and off-road parking areas.

(8) Storage. A parking area shall be provided for each multi-family dwelling for the storage of accessory items such as boats, vacation trailers, campers and related equipment owned by the unit residents. Such items shall be stored in the storage area and not parked beside the dwelling units.

(9) Centralized mailboxes. A centralized mailbox shall be provided for each development.

(10) Garbage pick-up. A centralized location shall be provided for garbage pick-up.

(F) Commercial development. This section provides for the regulation, establishment, and construction of commercial development, subdivisions, and building lots. To provide reasonable assurance that commercial development will not adversely impact neighboring uses.

(1) Definition. COMMERCIAL DEVELOPMENT refers to the process of planning, designing, constructing, and managing real estate for business purposes. This includes a wide range of properties like office buildings, retail centers, industrial facilities, and mixed-use developments.

(2) Access. Each access point to a commercial development should be continuous and unobstructed and shall connect directly to a year-round maintained public road.

(a) Direct vehicular access to each commercial lot shall be limited to the access road provided and shall be asphalt or chip-seal surface or any hard surface according to county road standards or Idaho Transportation Department Standards.

(3) Lot sizes. Commercial lot shall be a minimum of one acre.

(4) Buffers. Landscape buffers shall comply with Table 8-5-5 of this code.

(5) Traffic study. Traffic studies will be required for all commercial developments; density and intensity of use may be limited by the capacity of the county roads as determined by Franklin County Road and Bridge Department or by the Idaho Transportation Department for the State Highway system.

(6) Fire suppression. Fire suppression is required in all commercial developments approved by the State Fire Marshal.

(G) Agricultural/grain storage. Structures subordinate to the main agricultural use of the property.
(1) These structures are:

(a) Incidental to and support the primary agricultural use;

(b) Located on the same parcel as the main agricultural operation;

(c) Directly related to agricultural activities; and

(d) May require an agricultural exempt building permit.

(2) Structures may include:

(a) Barns;

(b) Silos;

(c) Equipment sheds;

(d) Greenhouses;

(e) Storage facilities for crops or livestock feed;

(f) Pump houses; and/or

(g) Cold storage facilities.

(3) Agricultural/grain storage (commercial). Facilities used to store agricultural products for commercial purposes often serving multiple farms or producers.

(a) Required improvements:

1. Adequate off street parking;

2. Loading and unloading facilities; and

3. Appropriate permits from Franklin County Road and Bridge and/or ITD.

(H) Accessory structures. An accessory structure or building may be permitted to be placed on a lot not having principal structure or building with a bona fide principal, main or primary use, such as a dwelling, in the following instance:

(1) The accessory structure must be situated on a lot immediately adjacent or next to a lot having a principal structure (such as a dwelling) that serves as a bona fide principal use for the lot on which the principal structure is situated;

(2) The proposed accessory structure must have a use that is subordinate to the principal structure and use on the adjacent lot and a use whose purposes are customarily incidental to the purposes of the principal structure and its use on the adjacent lot;

(3) The lot where the principal structure is located and the adjacent lot with the accessory structure must be in identical ownership and owned by the same person or persons; and

(4) The accessory structure must otherwise comply with existing applicable zoning standards and regulations and must not have a use or construction not permitted for accessory structures in residential districts.

(I) Seasonal uses. Seasonal uses are uses that do not have year-round public road access and are allowed only from April 1 to October 31 annually.

(1) Seasonal residential uses. Seasonal residential uses are allowed in the RC zone when a year-round all access roads are not provided or access is otherwise restricted by the Franklin County Road and Bridge Department.

(a) Seasonal area, height, and right-of-way or property line set back requirements shall comply with §153.121.

(b) Minimum lot size shall be one-acre.

(c) Seasonal residential shall be allowed on seasonally maintained roads only, residential use roads which are maintained year-round do not meet this definition.

(d) Minimum side and rear setback shall comply with §153.121.

(e) Maximum height of buildings or structures is 35 feet as measured from the lowest point on the downhill side to the middle of the main roof plane.

(f) Maximum height of any flagpole, antenna, or similar element is 35 feet.

(g) No overhead utility lines or utility poles are permitted.

(h) Owners shall not plow snow or add gravel to any public roads without permission of the Franklin County Road and Bridge Department. Private maintenance does not constitute year-round maintenance.

(i) Sufficient off-street parking will be required for type and volume of seasonal residential use, as determined by the county.
(j) Public utilities are not required.

(k) Accessory buildings shall not be over 120 square feet.

(l) Ownership and maintenance of roads shall be defined by Lot Owner Covenants, Conditions and Restrictions. Private access road rights-of-way and/or easements shall be a minimum of 30 feet wide.

(m) Appendix C shall not apply; however, all developments shall prepare a fire protection plan that delineates fire-wise construction design and materials, defensible space, fuel load assessment, fire breaks, etc.

(n) Keeping of livestock or pets on recreational lots shall be restricted to the time that the owner is present and must be directly related to recreational activities.

(2) Recreation vehicle park/campground. To allow for recreational vehicle (RV) parks, commercial campgrounds and/or recreational areas. To establish reasonable regulation concerning the operation of these activities in order to protect the health, safety and welfare of the public, which includes protecting the natural resources found in Franklin County and the associated amenities provided by these natural resources, including but not limited to surface and ground water, air, soils, native vegetation, aquatic and terrestrial wildlife and habitat, unique geologic features, topography and scenic views. Private campgrounds and recreational uses by landowner in the RC zone shall adhere to applicable county, state and federal regulations. All applications shall comply with the following:

(a) Minimum size of recreation area - ten-acres.

(b) Maximum intensity of use is one unit per half acre (1/0.5).

(c) Use of facilities are seasonal and are not intended for year-round occupation. Seasonal use is defined as April 1 to October 21.

(d) Owners shall not plow snow or add gravel to any public roads without permission of the Franklin County Road and Bridge Department. Private maintenance does not constitute year-round maintenance.

(e) RVs must be fully licensed and ready for highway use, on its wheels or jacking system, is attached to the site only by quick disconnect type utilities and security devices, and has no permanently attached additions.

(f) Must demonstrate sufficient sewer and water capacity for the use and intensity proposed including approvals from IDEQ and State Health Department.

(g) A site plan submitted for review containing a minimum of the following:

1. A legal description of the area to be zoned or occupied;

2. Season of use for each area or activity;

3. Location of each existing and proposed structure;

4. Location of any proposed grading (cut and fill);

5. Location and dimension of each recreational vehicle and/or campground space;

6. Location and dimension of the recreational area;

7. Location and dimension of all entrance, exits, roads, walkways, trails, drainage structures, driveways and pedestrian/roadway lighting; and

8. Location and dimension of parking spaces: minimum number of space shall be two per proposed space one of which shall be sized to accommodate a Class A RV.

(h) Private access ways, individual space arrangements and walkways shall accommodate frequent and safe movement of vehicles and pedestrians. Interior lanes and roadways shall be a minimum of ten feet wide for one-way or 20 feet wide for two-way traffic.

(i) Interior lanes, roads, roadways, driveways or walkways (except when providing access from public roads onto the property) are included in the required perimeter setback.

(j) Any access roads from any county road or highway shall comply with standards set forth by the Franklin County Raod and Bridge Department or the Idaho Transportation Department.

(k) Prepare and maintain a Maintenance and Operation Plan for approval by the Administrator including:

1. The owner shall not plow snow or add gravel to public roads.

2. The owner shall provide adequate snow removal from private roads and off-road parking areas so long as the business is open.

3. Any cleared or graded land shall be stabilized and/or replanted with native or non-invasive plants to prevent erosion and the spread of noxious weeds.

4. There shall be adequate public toilets for recreational vehicles, campground, and recreational area users. Portable toilet units within recreational vehicle parks and campgrounds may be provided during seasons of use under certain
circumstances with the approval of the Southeastern District Health Department. Portable toilet units must be maintained and serviced in a timely and sanitary manner, and may be inspected by appropriate public officials.

5. Screening the perimeter of the recreational vehicle parks, campgrounds and/or recreational area by wall, berm, approved fencing or other approved landscaping Shall comply with the buffering standards in § 153.114(E).

(l) One home or RV may be placed on the property for use by a caretaker on a permanent basis. Current contact information for the caretaker and legal owner of the property must be registered with the county.

1. A responsible party or caretaker shall be in charge of any recreational vehicle (RV) park, campground and/or recreational area at all times, and the duty of said responsible party or caretaker shall be to maintain the park, its facilities, and equipment in a clean, orderly, and sanitary condition. The caretaker or attendant shall be the owner or operator of the park, camping or recreational area, or the appointed representative of the owner.

2. The following information shall be posted in a prominent location at any recreational vehicle (RV) park, campground and/or recreational area: the caretaker’s name and how that person may be reached.

3. The telephone numbers and addresses of emergency services.

(m) No RV or utility trailer shall be parked or stored on any county road for more than 24 hours. No RV or utility trailer shall be occupied or connected to any utility while parked on county roads.

(3) Seasonal commercial structures/uses. Seasonal commercial structures/use may be allowed when the use is determined by the Administrator to be complementary to the overall use of the area. These uses shall comply with the requirements of division (l)(2)(b) through (21) of this section.

(J) Bed and breakfast. Bed and breakfasts are commercial operations and shall be regulated as a conditional use in all zones except commercial. All bed and breakfasts shall comply with the following:

(1) The establishment shall be owner occupied.

(2) One off-road parking space shall be provided for each rental unit plus two spaces for the on-site owner unit.

(3) An annual fire inspection is required for the premises.

(4) The following conditions must be met to approve bed and breakfast establishment in Franklin County, plus any other conditions that the Planning Commission feels are necessary to preserve the character of the neighborhood. The house has an architectural design that would accommodate the use without changing the character of the neighborhood.

(a) Adequate approved parking is provided.

(b) The building meets fire and safety code with annual inspection required.

(c) Adequate sewer and water are provided as approved by IDEQ and/or the State Health Department.

(d) Adequate road capacity and permits have been received from the Franklin County Road and Bridge Department and/or the Idaho Transportation Department.

(Ord. 2025-09-08, passed 9-8-2025)",True,Rules,Buildings,counties,id,,franklincounty,1.484375,1.5712890625,1.240234375,1.7314453125
